followers,f_of_f_candidate_followers,n_f_of_f,ratio,n_candidate_followers,ratio_normalized,UserID,Real Name,Screenname,Profile Description,Profile Created At,URL,Location,UTC Offset,Time Zone,Favourites Count,Friends Count,Followers Count,Statuses Count,Profile Image URL,candidate_name,names_merge
4.0025363330485606e+17,0.7439024390243902,1062.4218403547673,0.0017597975048585272,3608.0,4.877487541182167e-07,16160352,Claire McCaskill,clairecmc,"Former bunch of stuff including Senator from Missouri, currently @NBCNews and @MSNBC analyst, professional grandmother.",Sat Sep 06 20:20:45 +0000 2008,https://t.co/95S80NSH57,Missouri,None,None,22,66,453931,5871,http://pbs.twimg.com/profile_images/914188913358655488/UzU3FTWt.jpg,claire mccaskill,claire mccaskill
2.102639943819299e+17,6.026643426294821,2375.077689243028,0.00984029670901865,4016.0,2.4502730849149945e-06,16473577,Jon Tester,jontester,"Senate campaign of Jon Tester - dirt farmer & Montana Senator from Big Sandy - RTs, Replies & Follows ‚â† Endorsement.",Fri Sep 26 19:59:20 +0000 2008,https://t.co/DSSKRXLcOE,"Big Sandy, Montana",None,None,14,3216,33116,3631,http://pbs.twimg.com/profile_images/1879706550/20120307-TwitterProfPic.jpg,jon tester,jon tester
1.1056189472449739e+17,3.7998588899341486,1473.8993414863594,0.007298532587380236,4252.0,1.7164940233725823e-06,16916445,(((Adam Frodo Kokesh))),adamkokesh,Pragmatic #Libertarian & combat vet running for POTUS to localize the fedl govt & #FinallyFreeAmerica! https://t.co/RGUnK4W05E https://t.co/eIgIrbHFu4,Thu Oct 23 00:46:14 +0000 2008,https://t.co/lM98ivV3sR,"Ash Fork, AZ",None,None,23882,1339,54026,29285,http://pbs.twimg.com/profile_images/1132336273627074562/K4QGG6A5.jpg,adam frodo kokesh,adam kokesh
1.8691620637143117e+17,7.069306930693069,2302.054074638233,0.006875625325055128,3939.0,1.7455255966121172e-06,20113797,Debbie Stabenow,stabenow,Senator Stabenow proudly represents the great State of Michigan in the U.S. Senate.,Thu Feb 05 01:56:00 +0000 2009,https://t.co/ABucRwPAyB, ,None,None,13,244,51218,2123,http://pbs.twimg.com/profile_images/1057598063148236801/wOa1xT4n.jpg,debbie stabenow,debbie stabenow
2.0451763882584182e+17,9.013755158184319,16723.678129298485,0.008069751277952345,727.0,1.110007053363459e-05,20278154,Japheth Campbell,yefeth,Entrepreneur & Internet marketer | Former candidate U.S. Senate | Entertainment Business MS @FullSail | #Bitcoin/Blockchain enthusiast | Retweets ‚â† endorsement.,Fri Feb 06 22:24:50 +0000 2009,https://t.co/iBcvmaFoQ9,"Springfield, MO",None,None,1331,1032,851,12132,http://pbs.twimg.com/profile_images/378800000435791429/a43275d9b80305c0105c07b5ca507009.jpeg,japheth campbell,japheth campbell
5.925940720663511e+17,0.6799883313885647,950.5694282380397,0.0012505861610759038,3428.0,3.6481509949705547e-07,20597460,Bill Nelson,SenBillNelson,Former U.S. Senator from Florida,Wed Feb 11 15:44:25 +0000 2009,None,"Florida/ Washington, D.C.",None,None,5,100,347089,1568,http://pbs.twimg.com/profile_images/77360086/senateBillNelson.jpg,bill nelson,bill nelson
1.3250147374904718e+17,5.995486459378134,1641.696339017051,0.004544476424891065,3988.0,1.1395377193809075e-06,24768753,Sherrod Brown,SherrodBrown,Grandfather. Dad. @ConnieSchultz‚Äôs partner. Indians fan. Proud Ohioan & United States Senator.,Mon Mar 16 21:01:17 +0000 2009,https://t.co/Dq8GTJzC7w,Ohio,None,None,159,5215,69882,6062,http://pbs.twimg.com/profile_images/1007344365445017600/-nfsyOAC.jpg,sherrod brown,sherrod brown
1.96052592503141e+17,13.79330459041339,2249.801166624398,0.005113131956118305,3943.0,1.2967618453254682e-06,24950622,Dan McCready,McCreadyForNC,"USMC veteran, solar energy entrepreneur, husband, dad of four. Running for US Congress in the #nc09 special election. Let‚Äôs put country over party.",Tue Mar 17 20:44:07 +0000 2009,https://t.co/gHaCTQtkc0,"Charlotte, NC",None,None,505,444,55266,1877,http://pbs.twimg.com/profile_images/1036272245478309889/WV9DvjFu.jpg,dan mccready,dan mccready
1.661939432201911e+17,31.14603409933284,3274.4230294044974,0.03871088551711801,4047.0,9.565328766275733e-06,28946201,Leah Vukmir,LeahVukmir,Military Mom. @Packers Fan. @Bucks Fan. @Brewers Fan. ‚ù§Ô∏èGSDs üêæ Cheesehead. Wisconsin Freedom Fighter. Liberty Lover. Pro-Life. @NTU VP of State Affairs.,Sun Apr 05 05:20:23 +0000 2009,https://t.co/vOkcXApnnW,"Brookfield, WI",None,None,3162,2873,12604,7688,http://pbs.twimg.com/profile_images/905785570877689856/qEfk4rHA.jpg,leah vukmir,leah vukmir
1.4007687739142734e+17,7.947022972339428,3042.4238162212846,0.007103516930621398,4266.0,1.665146959826864e-06,30815935,Kevin de Le·Ωπn,kdeleon,"LA-born, CA-raised. CA Senate President pro Tempore Emeritus. Architect of üíØ% Clean Energy & CalSavers Retirement Savings Program for CA.",Mon Apr 13 05:37:44 +0000 2009,https://t.co/xsJqrFFPYL,"California, USA",None,None,10374,713,55974,8167,http://pbs.twimg.com/profile_images/1005168086238953472/wgpA95p8.jpg,kevin de le·Ωπn,kevin le·Ωπn
1.5419490125669507e+17,44.92531017369727,4187.991315136476,0.06223992462954036,4030.0,1.5444150032144054e-05,32125811,David Baria,dbaria,"Husband, father, legislator and lawyer. Born and raised on the Mississippi Gulf Coast. 2018 Democratic nominee for U.S. Senate.",Thu Apr 16 19:41:26 +0000 2009,https://t.co/ENl7PU9lWD, ,None,None,11880,1803,7761,14205,http://pbs.twimg.com/profile_images/1165374048693575680/Q-hiqCu4.jpg,david baria,david baria
3.5244686303639443e+17,0.7691052488441664,1142.066358444384,0.0007952650641043519,3677.0,2.16280952979155e-07,33537967,Amy Klobuchar,amyklobuchar,U.S. Senator from Minnesota and candidate for President. Text AMY to 91990 to join our homegrown campaign.,Mon Apr 20 14:59:36 +0000 2009,http://t.co/mGGFBfggto, ,None,None,2,140138,756616,9628,http://pbs.twimg.com/profile_images/1059812997982511105/lgFAlE5t.jpg,amy klobuchar,amy klobuchar
2.2762322439099082e+17,19.620446818844098,3862.8924235065565,0.020494923260968585,4118.0,4.976911913785483e-06,41363507,Dean Heller,DeanHeller,"Love my state, stock car racing & the outdoors. All about common sense. Grandkids call me 'Duke'. Gov/Official account: @SenDeanHeller #Battleborn #NVsen",Wed May 20 14:01:08 +0000 2009,http://t.co/kspDbWi8Vd,"Carson City, Nevada",None,None,1571,12367,25979,4895,http://pbs.twimg.com/profile_images/1047639666336256000/OJkSDgqq.jpg,dean heller,dean heller
8.43188328406737e+16,0.1166464155528554,652.5054678007291,0.00016713929188976893,4115.0,4.061708186871665e-08,50055701,Mitt Romney,MittRomney,"Husband, Father, Grandfather, Former Governor, U.S. Senator (R-UT). Follow @SenatorRomney for official updates.",Tue Jun 23 18:24:04 +0000 2009,https://t.co/dgU6xXHgmU,"Holladay, UT",None,None,14,305,1963687,1837,http://pbs.twimg.com/profile_images/964489716622966784/xbtCe2td.jpg,mitt romney,mitt romney
1.9590765472073648e+17,23.577446699203698,3614.6480863087595,0.008374174821848102,3893.0,2.1510852355119644e-06,63150856,Marsha Blackburn,VoteMarsha,"Wife, mother of two, Marshie to my grand kids. First female Senator from the great state of Tennessee. Snap: teammarsha ‚Ä¢ Insta: team.marsha",Wed Aug 05 14:44:11 +0000 2009,https://t.co/1y6JSRDk0T,"Tennessee, USA",None,None,511,2913,38033,6025,http://pbs.twimg.com/profile_images/1060303815998664706/nNojD2QE.jpg,marsha blackburn,marsha blackburn
4.1291298423188563e+17,0.19353023909985936,808.3023909985935,0.00013358932551773656,3555.0,3.757786934394839e-08,72198806,Kirsten Gillibrand,SenGillibrand,"Mom to Theo, Henry and dog Maple. Wife to Jonathan. U.S. Senator from NY. Not ‚Äúvery polite.‚Äù",Mon Sep 07 03:53:24 +0000 2009,https://t.co/qccoyKkdDN,New York,None,None,733,1064,1463112,19109,http://pbs.twimg.com/profile_images/1139649498786013184/3aHp3eOC.jpg,kirsten gillibrand,kirsten gillibrand
4.2113526305537965e+17,1.7652003362286355,1120.28663491174,0.0035749550371687237,3569.0,1.0016685450178538e-06,92186819,Senator Mazie Hirono,maziehirono,U.S. Senator Mazie K. Hirono - Proudly Serving the People of Hawaii,Tue Nov 24 03:10:37 +0000 2009,http://t.co/m4u3CFOBHg,Hawaii,None,None,99,1426,414932,5658,http://pbs.twimg.com/profile_images/1130916929957445632/mkavgyCa.jpg,senator mazie hirono,senator hirono
2.0561184739051818e+17,16.245174752217007,2906.8007303077725,0.01588809788260246,3834.0,4.144000491028291e-06,94154021,Bob Casey Jr.,Bob_Casey,Proud Pennsylvanian fighting for working families in the US Senate. Official campaign account. Tweets from Bob signed ‚ÄîBob,Wed Dec 02 19:10:41 +0000 2009,https://t.co/uEp6yqPQSu,Pennsylvania,None,None,7,52,7420,1105,http://pbs.twimg.com/profile_images/937424930479763458/_iqzExGe.jpg,bob casey jr,bob jr
7.798443280320957e+16,0.4299666507860886,1069.0671748451643,0.0005241256659263445,4198.0,1.248512782101822e-07,95713333,Gov. Gary Johnson,GovGaryJohnson,"Official Twitter of Governor Gary Johnson, founder of @ouramericainfo, and former two-term Governor of New Mexico.",Wed Dec 09 19:25:37 +0000 2009,https://t.co/3M2npiPOo8,New Mexico,None,None,561,3488,306400,5355,http://pbs.twimg.com/profile_images/921094906227056640/MLbGC1P1.jpg,gov gary johnson,gov johnson
3.000391316454817e+17,25.22420382165605,2538.8700636942676,0.030151065624623483,785.0,3.840900079569875e-05,101348737,Arvin Vohra,arvinvohra,I'm running for president to end the welfare state and end the income tax.,Sun Jan 03 00:13:37 +0000 2010,https://t.co/L4LK0vAFsg, ,None,None,14,656,1010,135,http://pbs.twimg.com/profile_images/1060052773398556672/Wv8m2LL4.jpg,arvin vohra,arvin vohra
1.4747533516877075e+17,24.416100872938895,14592.576139670224,0.017773517143296325,1031.0,1.7239104891655005e-05,108460311,Murray Sabrin,msabrin,"Murray Sabrin is professor of finance, Ramapo College of New Jersey and founder of the Sabrin Center for Free Enterprise, https://t.co/U1Yir55Ekq",Tue Jan 26 01:00:41 +0000 2010,https://t.co/YjQoPgZ435,"Ft. Lee, NJ",None,None,82,1980,1220,1565,http://pbs.twimg.com/profile_images/966737611250327552/4C1kJTSR.jpg,murray sabrin,murray sabrin
5.0135097143509126e+17,2.436294564582116,1261.457627118644,0.008941864573617278,3422.0,2.6130521839910187e-06,109071031,Senator Ben Cardin,SenatorCardin,"U.S. Senator for Maryland. #SaveTheBay. Small Business, Foreign Relations, Enviro, Finance committees. https://t.co/Rwn7M4xbXO",Wed Jan 27 22:03:53 +0000 2010,https://t.co/Vn15gdjyCO,"Maryland, USA",None,None,1966,2818,244605,10606,http://pbs.twimg.com/profile_images/1138098556747866113/mfGRdxbk.jpg,senator ben cardin,senator cardin
5.141687880895199e+17,1.1585685190573174,1036.3913296479489,0.0042645311634999985,3437.0,1.240771359761419e-06,117501995,Sen. Maria Cantwell,SenatorCantwell,U.S. Senator from Washington State | Tweets from Maria are signed ‚ÄìMC | Facebook: https://t.co/qLmMk10nJI RT‚â†endorsement,Thu Feb 25 19:21:52 +0000 2010,https://t.co/5P50HzPLoB,"Washington, DC",None,None,838,2207,230312,8428,http://pbs.twimg.com/profile_images/1112707249032626176/j7drmGgX.png,sen maria cantwell,sen cantwell
1.1106158556035e+17,13.766705744431418,8330.94958968347,0.012468015630007387,853.0,1.4616665451356823e-05,138526050,Arvin Vohra,VoteVohra,"Arvin Vohra is a candidate for U.S. Senate, and the Vice Chair of the Libertarian National Committee. His goal is cut government and advance freedom.",Thu Apr 29 20:13:25 +0000 2010,http://t.co/nDS7siDrPo,"Bethesda, MD",None,None,2,1794,983,1771,http://pbs.twimg.com/profile_images/860753740/26977_1137950468502_1819605950_270330_391127_n.jpg,arvin vohra,arvin vohra
4.1757005850949325e+17,0.8159161710563579,978.0328518833192,0.0013664349499023594,3531.0,3.869824270468311e-07,150078976,Chris Murphy,ChrisMurphyCT,U.S. Senator from Connecticut.,Mon May 31 01:22:43 +0000 2010,None, ,None,None,1212,201,791934,19409,http://pbs.twimg.com/profile_images/871076844904361985/7NorOQHB.jpg,chris murphy,chris murphy
4.038820123649724e+17,4.088251986379115,1246.727298524404,0.009272132807408821,3524.0,2.631138708118285e-06,166374616,John Bel Edwards,LouisianaGov,56th Governor of the State of Louisiana.,Wed Jul 14 00:32:49 +0000 2010,https://t.co/rMZvU1zOjy,"Louisiana, USA",None,None,5248,5868,56257,5552,http://pbs.twimg.com/profile_images/684948311397150721/0u94DBry.jpg,john bel edwards,john edwards
3.823794803429094e+17,1.190075693860387,2153.6248948696384,0.002722704300258284,3567.0,7.633037006611374e-07,172858784,Tim Kaine,timkaine,"Husband to @AnneHolton, father of 3. U.S. Senator from Virginia. In my free time, I‚Äôm either outdoors, reading, or jamming on the harmonica.",Fri Jul 30 20:00:32 +0000 2010,https://t.co/YNK0Xrmt2G,"Richmond, VA",None,None,836,774,987493,10065,http://pbs.twimg.com/profile_images/922472118377476096/XqCk_uDv.jpg,tim kaine,tim kaine
3.428178764637441e+17,4.387114239306984,2229.9236599891715,0.004515425408032206,3694.0,1.2223674629215514e-06,202206694,Sen. John Barrasso,SenJohnBarrasso,"U.S. Senator for the great state of Wyoming, @SenateGOP Chairman, and Chairman of @EPWGOP.",Wed Oct 13 14:49:08 +0000 2010,http://t.co/oAKWpUrAWS, ,None,None,21,518,118471,4362,http://pbs.twimg.com/profile_images/1143907394/twitter_profile_pic.JPG,sen john barrasso,sen barrasso
3.683538044038823e+17,2.837651598676957,1582.3789966923925,0.0049711457207432435,3628.0,1.3702165713184241e-06,216503958,Archive: Senator Joe Donnelly,SenDonnelly,"The archived tweets of Joe Donnelly, former U.S. Senator for Indiana (1/3/13-1/3/19). This is an inactive account.",Tue Nov 16 22:24:01 +0000 2010,http://t.co/fSOunnwiXz, ,None,None,3,215,112204,6141,http://pbs.twimg.com/profile_images/857707501067923457/TdS-N-Yx.jpg,archive: senator joe donnelly,archive: donnelly
4.364988246342903e+17,0.01938746838999719,456.5186850238831,1.8436977668952686e-05,3559.0,5.180381474839192e-09,216776631,Bernie Sanders,BernieSanders,U.S. Senator from Vermont and candidate for President of the United States.,Wed Nov 17 17:53:52 +0000 2010,https://t.co/jpg8Sp1GhR,Vermont,None,None,980,1389,9630248,14633,http://pbs.twimg.com/profile_images/1097820307388334080/9ddg5F6v.png,bernie sanders,bernie sanders
3.9030414161105715e+17,1.7550793209017534,1342.0025048705818,0.0028087542160736196,3593.0,7.817295341145603e-07,234374703,Senator Joe Manchin,Sen_JoeManchin,"U.S. Senator for #WV. Ranking member @EnergyDems. Please do not hesitate to contact me to share your commonsense ideas, concerns or if you need assistance.",Wed Jan 05 14:13:33 +0000 2011,http://t.co/KZ8ptSeHhI,"West Virginia, USA",None,None,193,741,181748,6212,http://pbs.twimg.com/profile_images/907719517266219008/am4POdPf.jpg,senator joe manchin,senator manchin
4.044551228412389e+17,1.4338194054963544,1341.8325855300056,0.0014496232062576782,3566.0,4.06512396594974e-07,242555999,Sheldon Whitehouse,SenWhitehouse,"U.S. Senator from Rhode Island, the Ocean State.",Tue Jan 25 01:52:03 +0000 2011,https://t.co/zi0ijI1KND,Rhode Island,None,None,484,1836,332376,12494,http://pbs.twimg.com/profile_images/1136336143358734336/Iu2Kvnww.png,sheldon whitehouse,sheldon whitehouse
3.658567929004952e+17,4.073109243697479,1655.7394957983192,0.004613068024890789,3570.0,1.2921759173363554e-06,249787913,Senator Tom Carper,SenatorCarper,"Husband, father, proud @USNavy veteran and former governor. U.S. Senator for Delaware and ranking member @EPWDems",Wed Feb 09 19:46:42 +0000 2011,http://t.co/0KSoFFra6j,Delaware,None,None,1145,1429,96470,8448,http://pbs.twimg.com/profile_images/378800000497501114/77d2bd85a246e66e8f77670018fbaaca.jpeg,senator tom carper,senator carper
1.6651949871335795e+17,40.10843014596366,3411.9475722371167,0.06247927757211909,3357.0,1.8611640623210955e-05,258671240,Allen Thomas,AllenThomas4ENC,2019 #NC03 Congressional Candidate | Special Election,Mon Feb 28 06:22:24 +0000 2011,https://t.co/KEK1NnKzH2,North Carolina,None,None,2076,614,4161,2442,http://pbs.twimg.com/profile_images/1123970131032461318/mDNSX7kn.jpg,allen thomas,allen thomas
1.9976429769351274e+17,61.290458488228005,6340.850557620818,0.014079129559579797,4035.0,3.489251439796711e-06,259045004,Corey Stewart,CoreyStewartVA,Conservative Republican / Former Trump Chairman / Donate: https://t.co/R4Dl1rXCBD #DefeatKaine Follow ‚â† endorsement,Tue Mar 01 01:31:25 +0000 2011,https://t.co/y0e5YS2cGP,"Woodbridge, VA",None,None,2439,11864,26697,7172,http://pbs.twimg.com/profile_images/875486155071827969/tbZ3uX7C.jpg,corey stewart,corey stewart
1.3506919885665098e+17,19.719075438150877,1852.7978155956312,0.0401696253431632,3937.0,1.0203105243373902e-05,259341329,Tate Reeves,tatereeves,"Dad of 3 daughters üëßüëßüëß , husband to Elee üíè, current Lieutenant Governor of Mississippi and candidate for Governor of Mississippi.",Tue Mar 01 17:27:58 +0000 2011,https://t.co/CtfAfP1ygx,"Flowood, MS",None,None,228,1855,14942,3949,http://pbs.twimg.com/profile_images/1117866454475509766/wEAqsHKZ.jpg,tate reeves,tate reeves
1.404177750563957e+17,26.080759493670886,2120.001012658228,0.04872204579815804,3950.0,1.2334695138774177e-05,275687683,Jim Hood,HoodForGovernor,"Attorney General of Mississippi. Running for #MSgov in 2019 to put Mississippi families first - Expanding access to healthcare, improving our schools and roads.",Fri Apr 01 19:57:29 +0000 2011,https://t.co/MVIYkT8Fbl,"Mississippi, USA",None,None,613,1300,10230,2535,http://pbs.twimg.com/profile_images/1143179625402634241/f21iD8Ac.jpg,jim hood,jim hood
2.628689926359834e+17,12.436820083682008,4107.88870292887,0.011811204219700862,1195.0,9.883852903515375e-06,304137182,Susan Hutchison,Susan4Senate,"Official Campaign Twitter Account for Susan Hutchison, GOP Candidate for United States Senate. Proud mom, wife, and daughter of military officers.",Tue May 24 00:37:16 +0000 2011,https://t.co/jEzmRsFjCi,"Bellevue, WA",None,None,25,19,1503,357,http://pbs.twimg.com/profile_images/1009498900506370048/K2cDFl4z.jpg,susan hutchison,susan hutchison
1.1063986154325549e+17,30.41805766312595,4756.17880627213,0.03690314937868711,3954.0,9.333118204017985e-06,323490669,Deb Fischer,DebFischerNE,"Deb Fischer is a cattle rancher, proud Nebraskan, and U.S. senator.",Fri Jun 24 22:41:23 +0000 2011,https://t.co/VTiqEYZfOv,Nebraska,None,None,1,1642,4845,881,http://pbs.twimg.com/profile_images/869967410945830918/-JsSRHYq.jpg,deb fischer,deb fischer
1.9210098528329382e+17,0.2508439366398338,846.1337314983122,0.00021347573529770507,3851.0,5.543384453329143e-08,342863309,Beto O'Rourke,BetoORourke,"Building a new kind of politics through a grassroots campaign for America -- for everyone in America. Powered by people, not PACs.",Tue Jul 26 18:05:52 +0000 2011,https://t.co/W2jeGJ9ErW,"El Paso, TX",None,None,3523,815,1570733,7341,http://pbs.twimg.com/profile_images/1018220845829951489/k52zY0rS.jpg,beto o'rourke,beto o'rourke
1.6603014796574813e+17,8.737837837837837,3787.1874692874694,0.0026789376970737812,4070.0,6.582156503866779e-07,364214133,"Dr. Shiva Ayyadurai, MIT PhD. Inventor of Email",va_shiva,Scientist. Inventor. Statesman. US Senate 2020. ONE Term. 100% for You.,Mon Aug 29 11:56:32 +0000 2011,https://t.co/yD9pUW4Nxn,"Cambridge, MA",None,None,15983,2283,61577,17289,http://pbs.twimg.com/profile_images/1152766391805763584/dvvPaK2N.jpg,"dr shiva ayyadurai, mit phd inventor of email",dr email
8.611700546388091e+16,26.050276641808995,4277.90137118114,0.016228094055746156,4157.0,3.9037993879591464e-06,407039290,Menendez for NJ,BobMenendezNJ,"Official campaign account of Senator Bob Menendez. Tweets are from #TeamMenendez unless signed with ""-Bob""",Mon Nov 07 15:08:13 +0000 2011,https://t.co/3GCJETcesT,"New Jersey, USA",None,None,831,9360,15047,3319,http://pbs.twimg.com/profile_images/981244479142326274/Oawv9GpT.jpg,menendez for nj,menendez nj
1.9135429519617206e+17,11.27426376440461,3540.3854033290654,0.007519035492603658,3905.0,1.9254892426641884e-06,460376288,Heidi Heitkamp,HeidiHeitkamp,"Former U.S. Senator, ND Atty Gen & ND Tax Commish. Wife, mom, sister. Breast cancer survivor. @CNBC contributor. @ABC news contributor. Founder @_OneCountry_",Tue Jan 10 17:57:11 +0000 2012,None,"North Dakota, USA",None,None,2003,256,28513,2354,http://pbs.twimg.com/profile_images/1057445365375414272/P_Z4RLNU.jpg,heidi heitkamp,heidi heitkamp
5.225039251103911e+17,0.2740676496097138,754.3925990170569,0.00012010867921644164,3459.0,3.472352680440645e-08,476256944,Sen Dianne Feinstein,SenFeinstein,United States Senator from California. On Facebook at: https://t.co/RVLkJPLS9Y,Fri Jan 27 23:06:59 +0000 2012,https://t.co/nLdPE0lrC6,California,None,None,0,225,1366316,9081,http://pbs.twimg.com/profile_images/1138195246616076288/0m4qtUno.png,sen dianne feinstein,sen feinstein
1.726974026316352e+16,464.8303094983992,10636.238847385272,0.10369196294676354,4685.0,2.213275623196661e-05,567930956,Craig Bowden,Bowden4Senate,Libertarian activist. Former member of the Libertarian National Committee.,Tue May 01 06:40:57 +0000 2012,https://t.co/MKXYpgs0hS,"North Ogden, UT",None,None,802,6010,6185,55055,http://pbs.twimg.com/profile_images/954961042764840960/bKXRad-e.jpg,craig bowden,craig bowden
2.229079991867793e+17,23.375161040968823,2843.168770935326,0.013870958416259495,3881.0,3.5740681309609593e-06,926810064,Eric Brakey,SenatorBrakey,Candidate for US Congress. Former Maine State Senator and 2018 GOP US Senate Nominee.,Mon Nov 05 04:10:18 +0000 2012,https://t.co/W9nLc0aDxE,"Auburn, ME",None,None,1724,293,10240,3852,http://pbs.twimg.com/profile_images/1161240102485614592/pyhh_dhz.jpg,eric brakey,eric brakey
4.1105697204950957e+17,0.08638888888888889,602.4961111111111,0.00014126676989561576,3600.0,3.9240769415448805e-08,970207298,Elizabeth Warren,SenWarren,"U.S. Senator, Massachusetts. She/her/hers. Official Senate account.",Sun Nov 25 15:14:27 +0000 2012,http://t.co/wsbNrrUt, ,None,None,10,493,5305029,4605,http://pbs.twimg.com/profile_images/722044174799777792/bXaodRhx.jpg,elizabeth warren,elizabeth warren
4.826689612994394e+17,1.5283453237410072,1262.2227338129496,0.002674143954640222,3475.0,7.695378286734474e-07,1068481578,Senator Angus King,SenAngusKing,News from the office of Independent U.S. Senator Angus King of Maine. Operated by the Press Team. Following/retweeting does not equal an endorsement.,Mon Jan 07 14:52:27 +0000 2013,http://t.co/i9TZOoGqOm, ,None,None,140,546,207742,4237,http://pbs.twimg.com/profile_images/378800000406004520/c5e846a94969202654cf1ac5fafc3659.jpeg,senator angus king,senator king
2.1864428618493725e+17,0.4868148914167528,1243.3128231644262,0.0001922480124228948,3868.0,4.970217487665325e-08,1074480192,Senator Ted Cruz,SenTedCruz,Representing the State of Texas in the United States Senate.,Wed Jan 09 18:11:37 +0000 2013,https://t.co/9HWCyvsTvJ,"Houston, Texas",None,None,408,6955,1284626,11042,http://pbs.twimg.com/profile_images/1100507943458484236/KICyvXVn.jpg,senator ted cruz,senator cruz
3.936119139279772e+17,4.234963462619449,1617.4454749859472,0.008932228405035348,3558.0,2.510463295400611e-06,1074518754,Sen. Tammy Baldwin,SenatorBaldwin,"Official Twitter account of United States Senator Tammy Baldwin's office, proudly working for the State of Wisconsin.",Wed Jan 09 18:29:44 +0000 2013,http://t.co/p7vErFeoRD,"Washington, D.C.",None,None,481,2656,111616,13417,http://pbs.twimg.com/profile_images/888484691120148481/IQiOuvpT.jpg,sen tammy baldwin,sen baldwin
5.399919480022997e+17,1.4337278106508875,1122.7612426035503,0.0018111733824948443,3380.0,5.358501131641554e-07,1099199839,Martin Heinrich,MartinHeinrich,United States Senator from New Mexico,Thu Jan 17 20:24:19 +0000 2013,https://t.co/97adkYcq3x, ,None,None,682,575,189848,7652,http://pbs.twimg.com/profile_images/1091387172282867718/pNhlcC9I.jpg,martin heinrich,martin heinrich
2.859859395912405e+17,58.2155104194144,4490.519915589554,0.021989057405554836,3791.0,5.800331681760675e-06,1376252790,Matt Rosendale,MattForMontana,"Wife: Jean (33 years). Sons: Matt Jr, Brien & Adam. #mtpol #mtal",Wed Apr 24 05:42:15 +0000 2013,https://t.co/Pi3gm4GoxY,"Glendive, Montana",None,None,319,831,12660,1290,http://pbs.twimg.com/profile_images/1135411092828504064/Zt4Pwoom.jpg,matt rosendale,matt rosendale
2.184410753226378e+17,6.8192090395480225,2355.731638418079,0.013008480793647957,708.0,1.8373560443005584e-05,1466124576,Neal Dikeman,nealdikeman,"Serial entrepreneur, Libertarian Nominee for US Senate from Texas, father of 2 girls",Wed May 29 01:54:58 +0000 2013,https://t.co/MxeAC3Rah2,"Houston, TX",None,None,204,376,873,534,http://pbs.twimg.com/profile_images/993333674018926592/ao550bhq.jpg,neal dikeman,neal dikeman
639336820.5,0.0,10514.5,0.0,2.0,0.0,1477484929,paula overby,paulaoverby, ,Sun Jun 02 14:42:30 +0000 2013,None, ,None,None,0,0,2,0,http://abs.twimg.com/sticky/default_profile_images/default_profile.png,paula overby,paula overby
2.4029015290157043e+17,32.38958277969705,3163.5665692266807,0.009701835796154433,3763.0,2.578218388560831e-06,1861019372,Mike Braun,braun4indiana,"Mike Braun, a lifelong resident of Jasper, Indiana, is a conservative businessman and U.S. Senator from Indiana. #IBackBraun Official: @SenatorBraun",Fri Sep 13 16:01:50 +0000 2013,https://t.co/Ibyjih9OTm,"Jasper, IN",None,None,19,35,18205,647,http://pbs.twimg.com/profile_images/927519119938686978/G-FNwpJ6.jpg,mike braun,mike braun
2.4980220924315504e+17,60.66096654275093,4087.3048327137544,0.07086391149317368,2690.0,2.6343461521625863e-05,1912799826,Dan Bishop,jdanbishop,"Personal/campaign account - NC State Senator, Lawyer, candidate for Congress in the 9th CD",Sat Sep 28 02:03:15 +0000 2013,https://t.co/PhDX5lvOpO,"Charlotte, NC",None,None,2257,661,3502,1588,http://pbs.twimg.com/profile_images/849111620924190721/0VdFDpoK.jpg,dan bishop,dan bishop
1.5187087040522256e+17,25.65272819989801,3594.609637939827,0.0312667160511456,3922.0,7.972135658119747e-06,2151872245,Jane Raybould,JaneRaybould,"I‚Äôm running for U.S. Senate. üá∫üá∏ Proud 4th-Generation Nebraskan, 2nd-Generation Grocer. Wife & Mom to Clara, Gabe & the pups ‚Äî Milo & Buddy",Wed Oct 23 23:46:10 +0000 2013,https://t.co/92ZKWC62BP,"Lincoln, Nebraska",None,None,196,392,4960,929,http://pbs.twimg.com/profile_images/992143888893722624/Q2fpDjhv.jpg,jane raybould,jane raybould
1.86075901014921e+17,13.401228501228502,2611.6513513513514,0.00537203326559666,4070.0,1.3199098932669929e-06,2335899655,Jenny Wilson,JennyWilsonUT,Salt Lake County Mayor. Mom. 5th generation Utahn. Filmmaker.,Mon Feb 10 01:20:00 +0000 2014,https://t.co/uo4jdtaPSQ,"Salt Lake City, UT",None,None,1817,644,31088,2699,http://pbs.twimg.com/profile_images/1100866378586714112/7C-Asgzb.jpg,jenny wilson,jenny wilson
2.468356385651899e+17,62.2098156323033,4131.369254739029,0.01893704916504764,3851.0,4.917436812528579e-06,2337241560,Jim Renacci,JimRenacci,Father | Husband | Former Mayor | Volunteer Firefighter | Businessman | Former US Congressman | 2018 Republican Nominee for US Senate,Mon Feb 10 20:49:38 +0000 2014,https://t.co/TCnadyabXd,Ohio,None,None,750,927,10287,3210,http://pbs.twimg.com/profile_images/1027141496737214464/WsGK2X5U.jpg,jim renacci,jim renacci
2.4459312040113062e+17,9.212418300653594,1985.1530501089326,0.005150900360234497,3672.0,1.4027506427653854e-06,2352629311,Josh Hawley,HawleyMO,"Constitutional lawyer, husband to Erin, Dad to Elijah and Blaise, US Senator from Missouri",Thu Feb 20 03:13:57 +0000 2014,https://t.co/rJtdXKw4ol,"Missouri, USA",None,None,422,1111,72147,2970,http://pbs.twimg.com/profile_images/1097246042934992898/YqXTdt3v.jpg,josh hawley,josh hawley
2.922691352612626e+17,553.7215666582978,11245.012553351746,0.06530790614881021,3983.0,1.6396662352199326e-05,2497703605,Matthew Corey,MattCoreyCT,"A proud Navy veteran, small business owner, and Republican candidate for U.S. Senate in CT. #Navy #USN #MAGAVeteran üá∫üá∏ Email us at: Info@CoreyForSenate.com",Fri May 16 04:06:12 +0000 2014,https://t.co/GczukKeaqg,Connecticut,None,None,907,5007,5910,1039,http://pbs.twimg.com/profile_images/730027793912844288/YlS3-yJY.jpg,matthew corey,matthew corey
2.069926342312067e+16,11.444444444444445,61361.765432098764,0.014525504511194762,81.0,0.00017932721618758968,2599913002,Shawn O'Hara,OHaraCampaign,Don't call it a comeback. I been here for years | Love Jesus | Walk everyday for exercise #Oharacane parody account,Wed Jun 11 02:53:45 +0000 2014,None,H'burg whudup,None,None,2,560,86,134,http://pbs.twimg.com/profile_images/476560147121467392/e-mik6lW.jpeg,shawn o'hara,shawn o'hara
1.0258022015648163e+17,38.182058047493406,5241.601583113456,0.06151527440674253,379.0,0.00016230943115235491,2770085239,Bob Flanders,rgflandersjr,"I am a business litigator concentrating on high-stakes, complex disputes and business and government problem-solving engagements.",Tue Aug 26 14:27:37 +0000 2014,https://t.co/VgOSJF9YUu,"Providence, RI",None,None,18,385,437,78,http://pbs.twimg.com/profile_images/954865116989796353/R9VXPB5I.jpg,bob flanders,bob flanders
1.9635078872157482e+17,33.659701492537316,5265.489552238806,0.014791648096115231,335.0,4.4154173421239484e-05,2836931870,marcia_marcia,triple_marcia,"Running for US Senate in Michigan. Non-corporatist, striving for true representation of the People of Michigan in DC",Wed Oct 01 16:43:07 +0000 2014,https://t.co/MGWQ6FKhNJ,"St Clair Shores, MI",None,None,831,58,405,484,http://pbs.twimg.com/profile_images/766376744400003072/ITKSMcPH.jpg,marcia_marcia,marcia_marcia marcia_marcia
1.5876959789366432e+17,7.962784286698828,3636.456237077877,0.010237844160692245,2902.0,3.5278580843184803e-06,2853793517,Sen. Murphy Office,SenMurphyOffice,Office of U.S. Senator Chris Murphy. Staff share press items & updates on Chris's work for Connecticut. Follow Chris at @ChrisMurphyCT,Fri Oct 31 20:54:02 +0000 2014,http://t.co/aSMNomDgD5, ,None,None,6,29,3594,1208,http://pbs.twimg.com/profile_images/528640956577230848/7MwZKzA8.jpeg,sen murphy office,sen office
4.184638264736012e+17,11.375835189309576,4229.30929844098,0.009436827391342474,3592.0,2.6271791178570385e-06,2962891515,Rep. Ralph Abraham,RepAbraham,"Proudly representing Louisiana's 5th District. Rural family physician, veteran, farmer, pilot, former veterinarian, husband, father & grandfather.",Mon Jan 05 23:01:54 +0000 2015,None, ,None,None,157,119,21681,970,http://pbs.twimg.com/profile_images/552239677395046402/-PHUoJ7w.jpeg,rep ralph abraham,rep abraham
3.327442905131752e+17,0.0,6497.823529411765,0.0,17.0,0.0,2972291229,Hank Schroeder,hank_schroeder,Official Twitter account of Independent political candidate Hank Schroeder. Currently running for Congress in District 4 of NJ.,Sun Jan 11 00:44:11 +0000 2015,https://t.co/8qjPiv2NPG,"Seagirt, NJ",None,None,2,17,24,96,http://pbs.twimg.com/profile_images/723915975666573312/sF0Hesx5.jpg,hank schroeder,hank schroeder
2.0282137791497786e+17,12.71836840737854,2017.7316186022344,0.010742112234379611,3849.0,2.7908839268328407e-06,2991360032,Andy Beshear,AndyBeshearKY,"Father ¬∑ Husband ¬∑ Son ¬∑ Attorney General and candidate for Governor of Kentucky. Together we can return honor, decency and transparency to Frankfort.",Tue Jan 20 15:41:37 +0000 2015,https://t.co/ELGn9PBkJw, ,None,None,123,315,22028,2049,http://pbs.twimg.com/profile_images/1151559783113211904/fKMkZU6T.png,andy beshear,andy beshear
4.825365910666033e+17,1.1424023154848046,788.1311143270623,0.002311694308737425,3455.0,6.690866306041766e-07,3141213592,Governor Matt Bevin,GovMattBevin,Governor of the Commonwealth of Kentucky,Mon Apr 06 17:25:20 +0000 2015,https://t.co/N7GLPP5aTn,"Kentucky, USA",None,None,1480,6,95016,7317,http://pbs.twimg.com/profile_images/776152411002048512/KGLzHoJk.jpg,governor matt bevin,governor bevin
4.605965462363692e+16,42.97294860234445,39649.8169522092,0.010082492967710839,1109.0,9.091517554292905e-06,3141765771,Edward Shlikas,senatorshlikas,"It‚Äôs time for some new blood & new faces in the U.S. Senate, someone who represents all Americans‚Äô interests. Shlikas will represent YOU. Write-In for Shlikas.",Mon Apr 06 20:22:09 +0000 2015,None,"Maryland, U.S.A.",None,None,2576,1252,1185,21025,http://pbs.twimg.com/profile_images/587591337664352256/SyuIWX1z.jpg,edward shlikas,edward shlikas
2.535586276084743e+17,12.115845879050779,3692.5088032661392,0.005720192848652591,3919.0,1.459605217824088e-06,4749863113,Jacky Rosen,RosenforNevada,Campaign account for U.S. Senator Jacky Rosen. Ready to fight for Nevada's hardworking families.,Tue Jan 12 20:33:06 +0000 2016,https://t.co/rPM1vxxJFb,"Henderson, NV",None,None,166,592,36689,2203,http://pbs.twimg.com/profile_images/988891773349982208/LL_DHO23.jpg,jacky rosen,jacky rosen
3.175241793310744e+17,19.690363349131122,8010.620853080569,0.015845258418164133,633.0,2.50320038201645e-05,4785136122,Mick Rich,MickRich4Senate,Candidate for U.S. Senator from New Mexico in 2018,Tue Jan 19 19:29:41 +0000 2016,https://t.co/Z3g49Hkdjp,"Albuquerque, NM",None,None,6,158,815,547,http://pbs.twimg.com/profile_images/1034834484464508928/YoD-7VQV.jpg,mick rich,mick rich
2.6392018642946544e+17,10.136904761904763,4094.565476190476,0.011317598098569978,168.0,6.736665534863084e-05,761975044549517312,Danny Bedwell,bedwell_guy,Retired Navy Diver. Entrepreneur. Freedom lover and patriot.,Sat Aug 06 17:19:42 +0000 2016,https://t.co/tULcJOQDWF, ,None,None,2855,200,206,1331,http://pbs.twimg.com/profile_images/1004765350167220224/uEGE_xyM.jpg,danny bedwell,danny bedwell
2.1496638284131283e+17,62.602100947988724,7124.133999487573,0.016884706254479496,3903.0,4.326084103120541e-06,849277824217362432,Geoff Diehl,DiehlForSenate,You can follow Geoff‚Äôs personal account at @RepGeoffDiehl.,Tue Apr 04 15:09:46 +0000 2017,https://t.co/0gZGl0hLPh,"Whitman, Massachusetts",None,None,3532,1621,11094,7017,http://pbs.twimg.com/profile_images/1146245958650466309/zpZI0ZUa.jpg,geoff diehl,geoff diehl
5.072906490647238e+17,2.0,1740.9259259259259,0.0030834357923895358,27.0,0.00011420132564405689,873223205292527616,Kevin Kimple,kfkimple,2018 Independent Candidate for U.S. Senate. A candidate for the people.,Fri Jun 09 17:00:10 +0000 2017,None,New Jersey,None,None,91,56,37,211,http://pbs.twimg.com/profile_images/958428349088415744/IFmUobx3.jpg,kevin kimple,kevin kimple
2.983732006151339e+17,10.368932038834952,15142.101941747573,0.010280498610926114,412.0,2.4952666531374017e-05,899697830918373376,Eve Reyes-Aguirre,EveForUSSenate,"Running for #AZSEN in 2018 #Indigenous Woman. Community Organizer for 20yrs. Campaign is fueled by the people, not corporate interests #GreenParty #eve4az ‚úäüèΩüåª",Mon Aug 21 18:20:53 +0000 2017,https://t.co/LUSeUll12Z,"Phoenix, AZ",None,None,139,153,517,255,http://pbs.twimg.com/profile_images/952658338709356544/1lDeZLMe.jpg,eve reyes-aguirre,eve reyes-aguirre
2.1710221449003923e+17,16.014906832298138,4798.08447204969,0.01899221417060498,1610.0,1.1796406317145936e-05,913073247469604864,Neal Simon,nealjsimon,Believer in community service and in government for people not parties. 2018 Candidate for US Senate. Board Chair @communityfndn. Retired CEO of four biz's,Wed Sep 27 16:10:01 +0000 2017,None,"Potomac, MD",None,None,581,500,2042,1707,http://pbs.twimg.com/profile_images/975763897339785216/d6m3rCFJ.jpg,neal simon,neal simon
1.7934672823108698e+17,13.20318111852232,2495.695484864033,0.005436255142203816,3898.0,1.3946267681384762e-06,919993894141603840,Phil Bredesen,PhilBredesen,"Serial entrepreneur, former Tennessee governor, Nashville mayor and CEO. Fan of thoughtful leadership and practical solutions.",Mon Oct 16 18:30:11 +0000 2017,None,"Tennessee, USA",None,None,50,123,29067,1477,http://pbs.twimg.com/profile_images/1013501473924116480/Vt4Sb1fi.jpg,phil bredesen,phil bredesen
2.3897490311518957e+17,29.375441696113075,4969.734098939929,0.009536580286736396,1132.0,8.424540889343117e-06,935221637829476352,Gary Trauner for U.S. Senate,TraunerforWY,Father. Husband. U.S. Senate Candidate. Man on a mission to restore Wyoming values. Join our team and meet me out on our #OpenDoorTour!,Mon Nov 27 18:59:48 +0000 2017,https://t.co/FyBNEW5ZRo,"Wyoming, USA",None,None,7,412,1422,226,http://pbs.twimg.com/profile_images/939218771717136384/F9l91f4n.jpg,gary trauner for us senate,gary senate
2.2890371605020653e+17,47.794947994056464,5353.733432392273,0.02313012637936558,3365.0,6.873737408429607e-06,958786718513160192,Chele Farley,CheleFarley,"Chele Farley is an engineer, businesswoman and Republican candidate to represent the Hudson Valley in Congress.",Wed Jan 31 19:39:01 +0000 2018,https://t.co/Fk8pD5GEfq,New York,None,None,198,638,4370,1360,http://pbs.twimg.com/profile_images/1115430641666088967/xaTgIm4o.png,chele farley,chele farley
5.127619987460735e+17,0.4,16224.6,6.0639746697470504e-05,10.0,6.063974669747051e-06,969648670818811904,Reed McCandless,McCandlessReed,"Happy, Nuisance, Fun, mischievous and always looking out for the heart of the individual. The End. End of story. Perhaps, maybe,??? Candidate U.S. Senate IAP-UT",Fri Mar 02 19:00:33 +0000 2018,None, ,None,None,2,41,12,13,http://pbs.twimg.com/profile_images/972234756984221696/4oR9wyWJ.jpg,reed mccandless,reed mccandless
2.6487526698030426e+17,59.08984375,11314.53515625,0.014110427272142246,1024.0,1.3779714132951412e-05,994999025668521984,Ron Curtis,rcurtis808,"I am a common sense, moderate, reform Republican who ran for the 2018 US Senate seat to represent the people of Hawai‚Äôi.",Fri May 11 17:53:48 +0000 2018,https://t.co/lQ0iQ4k1vI,"Hawaii, USA",None,None,1549,638,1289,289,http://pbs.twimg.com/profile_images/1005985837849276416/RqCok9-r.jpg,ron curtis,ron curtis
2.9721927169132224e+17,29.69443025038324,3864.055697496168,0.0105104688121325,1957.0,5.37070455397673e-06,1100072194632237056,Dr. Greg Murphy,DrGregMurphy1, ,Mon Feb 25 16:37:04 +0000 2019,https://t.co/zsB2J0ZCbh,"Greenville, NC",None,None,96,36,2649,53,http://pbs.twimg.com/profile_images/1100073648512208896/gDhb93EJ.jpg,dr greg murphy,dr murphy
